{"cameraMode":{"drawMode":0,"name":"Shaded","section":"Shading Mode"},"sceneLighting":true,"audioPlay":false,"sceneViewState":{"m_AlwaysRefresh":false,"showFog":true,"showSkybox":true,"showFlares":true,"showImageEffects":true,"showParticleSystems":true,"showVisualEffectGraphs":true,"m_FxEnabled":true},"in2DMode":false,"pivot":{"x":-10.639301300048829,"y":99.33010864257813,"z":-31.11855697631836},"rotation":{"x":0.010339662432670594,"y":-0.9361448884010315,"z":0.027857545763254167,"w":0.35062193870544436},"size":22.50315284729004,"orthographic":false}